Subject,Course,Room,Class Day(s),Class Time,Professor,Duration
ACC, 66000-1,North Bldg C114,M,1:00 PM,Chang Philip,200 mins
ACC, 77700-1,North Bldg C114,TTH,5:00 PM,Zhao Yan Ying,75 mins
ACCP, 37100-1,North Bldg 531,T,1:00 PM,Rampulla Renee,200 mins
ACCP, 37100-2,North Bldg 531,W,3:00 PM,Rampulla Renee,200 mins
ACCP, 49000-1,West Bldg W503,TF,8:00 AM,Yin Yuan,100 mins
ACSK, 6500-1,West Bldg W405,T,8:00 AM,Martin Patricia,200 mins
ACSK, 6500-2,North Bldg 1516,W,10:00 AM,Vielie Vanderie A,200 mins
AFPRL, 20100-1,West Bldg W407,F,8:00 AM,Browne Anthony P,200 mins
AFPRL, 29001-1,North Bldg 405,TF,1:00 PM,Ramlal Derek,75 mins
AFPRL, 29003-1,North Bldg 404,F,8:00 AM,Lima Lazaro,150 mins
AFPRL, 38400-1,North Bldg C108,W,5:00 PM,Browne Anthony P,200 mins
AFPRL, 39030-1,West Bldg W113,F,1:00 PM,Hampton Barbara,200 mins
ANTH, 70256-1,North Bldg 705,T,8:00 AM,Soler Angela,200 mins
ANTH, 70300-1,North Bldg 730,TTH,5:00 PM,Brown Jacqueline Nassy,100 mins
ANTH, 72200-1,North Bldg 717,MW,5:00 PM,Gilbert Christopher Charles,75 mins
ANTH, 72551-1,North Bldg 705,WF,8:00 PM,Brown Jacqueline Nassy,75 mins
ANTH, 75400-1,North Bldg 717,T,8:00 AM,Parry William J,150 mins
ANTH, 77153-1,North Bldg 705,MTH,8:00 AM,Gilbert Christopher Charles,75 mins
ANTH, 79101-1,North Bldg 730,TF,8:00 AM,Coleman Leo C,75 mins
ANTH, 79102-1,North Bldg 717,F,7:00 PM,Soler Angela,150 mins
ANTHP, 10100-1,North Bldg 712,MW,8:00 AM,Soler Angela,75 mins
ANTHP, 10100-2,West Bldg W415,MF,10:00 AM,Soler Angela,75 mins
ANTHP, 10100-3,North Bldg 717,MTH,10:00 AM,Parks Ashley Nicole,75 mins
ANTHP, 10100-4,West Bldg W415,WF,12:00 PM,Cassalett Santiago,75 mins
ANTHP, 10100-5,North Bldg 717,WF,11:00 AM,Baden Andrea,75 mins
ANTHP, 10500-1,North Bldg 1036,WF,8:00 AM,Parks Ashley Nicole,100 mins
ANTHP, 10500-2,North Bldg 1036,TTH,12:00 PM,Parks Ashley Nicole,100 mins
ANTHP, 10500-3,North Bldg 717,MTH,12:00 PM,Baden Andrea,100 mins
ANTHP, 30200-1,North Bldg 730,F,1:00 PM,Westphal Darice Rae,200 mins
ANTHP, 30600-1,North Bldg 730,TTH,10:00 AM,Gilbert Christopher Charles,75 mins
ANTHP, 40101-1,North Bldg 1036,TTH,8:00 AM,Westphal Darice Rae,75 mins
ANTHP, 40150-1,North Bldg 712,MF,1:00 PM,Soler Angela,100 mins
ANTHP, 40177-1,West Bldg W415,MF,5:00 PM,Cassalett Santiago,100 mins
ARB, 15000-1,West Bldg W610,M,5:00 PM,Brown Deeadra Ann,150 mins
ARB, 25000-1,West Bldg W413,MF,8:00 AM,Brown Deeadra Ann,75 mins
ARB, 40100-1,West Bldg W412,TTH,8:00 AM,Brown Deeadra Ann,75 mins
ARTCR, 22100-1,North Bldg 1600,MF,8:00 AM,Sanchez Juan,100 mins
ARTCR, 22100-2,North Bldg 11083,MTH,12:00 PM,Jaudon Valerie,100 mins
ARTCR, 22500-1,North Bldg 1600,TF,1:00 PM,Carreiro Joel,75 mins
ARTCR, 22500-2,North Bldg 11072,MW,3:00 PM,Burnes Aisha Khaiilah,75 mins
ARTCR, 22500-3,North Bldg 11072,TF,3:00 PM,Wood Brian W,75 mins
ARTCR, 23500-1,North Bldg 1600,TH,1:00 PM,Wood Brian W,200 mins
ARTCR, 23500-2,North Bldg 1600,T,4:00 PM,Sanchez Juan,200 mins
ARTCR, 25100-1,North Bldg 11034A,TF,4:00 PM,Carreiro Joel,75 mins
ARTCR, 25100-2,North Bldg 11005,MW,4:00 PM,Wood Brian W,75 mins
ARTCR, 25700-1,North Bldg 11005,TTH,8:00 AM,Wood Brian W,75 mins
ARTCR, 27100-1,North Bldg 11083,TF,1:00 PM,Leist Reiner,100 mins
ARTCR, 27100-2,North Bldg 11003,MW,4:00 PM,Sanchez Juan,100 mins
ARTCR, 29000-1,North Bldg 1600,W,2:00 PM,Carreiro Joel,200 mins
ARTCR, 29000-2,North Bldg 11034A,M,1:00 PM,Carreiro Joel,200 mins
ARTCR, 32200-1,North Bldg 11003,TTH,3:00 PM,Leist Reiner,75 mins
ARTCR, 75149-1,North Bldg 11072,F,10:00 AM,Sanchez Juan,200 mins
ARTCR, 75165-1,North Bldg 11005,TF,5:00 PM,Leist Reiner,75 mins
ARTCR, 75181-1,North Bldg 11005,WF,1:00 PM,Jaudon Valerie,100 mins
ARTCR, 75182-1,North Bldg 11072,TH,5:00 PM,Jaudon Valerie,200 mins
ARTH, 11100-1,West Bldg W615,TH,5:00 PM,Golan Romy,150 mins
ARTH, 11100-2,North Bldg 1503,T,5:00 PM,Pelizzari Maria A.,150 mins
ARTH, 11100-3,West Bldg W714,F,8:00 PM,Jaskey Jennifer Marie,150 mins
ARTH, 11100-4,West Bldg W615,F,6:00 PM,Pissarro Joachim,150 mins
ARTH, 11100-5,West Bldg W615,W,7:00 PM,Pissarro Joachim,150 mins
ARTH, 21500-1,North Bldg 1503,TH,8:00 AM,Loh Maria Hsiuya,150 mins
ARTH, 22500-1,North Bldg 1503,M,7:00 PM,Pelizzari Maria A.,150 mins
ARTH, 24000-1,North Bldg 1502,M,8:00 AM,Kent Lori Anne,150 mins
ARTH, 24500-1,North Bldg 1527,MF,8:00 AM,Montgomery Harper L,75 mins
ARTH, 24900-1,West Bldg W714,MTH,8:00 AM,Jaudon Valerie,75 mins
ARTH, 25100-1,North Bldg 1501,TH,5:00 PM,Kent Lori Anne,150 mins
ARTH, 25500-1,North Bldg 1527,MTH,1:00 PM,De Duve Thierry,75 mins
ARTH, 26000-1,North Bldg 1502,T,5:00 PM,Pissarro Joachim,150 mins
ARTH, 30000-1,North Bldg 1602,TTH,8:00 AM,Avcioglu Nebahat,75 mins
ARTH, 35120-1,West Bldg W714,TTH,1:00 PM,Dey Hendrik William,75 mins
ARTH, 60200-1,North Bldg 1602,MF,8:00 AM,Braun Emily F.,100 mins
ARTH, 62100-1,North Bldg 1502,MF,1:00 PM,Jaskey Jennifer Marie,100 mins
ARTH, 63700-1,North Bldg 1502,F,8:00 AM,Pissarro Joachim,150 mins
ARTH, 73400-1,North Bldg 1502,TH,11:00 AM,Braun Emily F.,200 mins
ARTH, 73400-2,North Bldg 1503,M,12:00 PM,Avcioglu Nebahat,200 mins
ARTH, 73400-3,North Bldg 1501,F,9:00 AM,Loh Maria Hsiuya,200 mins
ARTH, 73500-1,West Bldg W615,TF,12:00 PM,Zanardi Tara Joy Mona,100 mins
ARTH, 73600-1,West Bldg W615,M,11:00 AM,Golan Romy,200 mins
ARTH, 76105-1,North Bldg 1503,TH,8:00 PM,Zanardi Tara Joy Mona,200 mins
ARTH, 76200-1,North Bldg 1501,MF,2:00 PM,Kent Lori Anne,75 mins
ARTH, 76200-2,North Bldg 1527,TF,1:00 PM,Pelizzari Maria A.,75 mins
ARTH, 73600-1,West Bldg W615,M,11:00 AM,Golan Romy,200 mins
ARTH, 76105-1,North Bldg 1503,TH,8:00 PM,Zanardi Tara Joy Mona,200 mins
ARTH, 76200-1,North Bldg 1501,MF,2:00 PM,Kent Lori Anne,75 mins
ARTH, 76200-2,North Bldg 1527,TF,1:00 PM,Pelizzari Maria A.,75 mins
ARTH, 78008-1,North Bldg 1503,W,3:00 PM,Zanardi Tara Joy Mona,200 mins
ARTH, 78088-1,West Bldg W714,W,1:00 PM,Pissarro Joachim,150 mins
ARTH, 78099-1,North Bldg 1602,T,5:00 PM,Zanardi Tara Joy Mona,200 mins
MATH, 10000-1,West Bldg W415,T,1:00 PM,Thompson Robert D,200 mins
MATH, 10100-1,West Bldg W214,F,8:00 PM,Samra Michael,200 mins
MATH, 10100-2,North Bldg 1311,T,5:00 PM,Thompson Robert D,200 mins
MATH, 10100-3,North Bldg C114,F,7:00 PM,Bendersky Martin,200 mins
MATH, 10100-4,West Bldg W505,F,6:00 PM,Shankar Subash,200 mins
MATH, 10100-5,North Bldg 306,M,8:00 PM,Shneerson Lev,200 mins
MATH, 10100-1,West Bldg W214,F,8:00 PM,Samra Michael,200 mins
MATH, 10100-2,North Bldg 1311,T,5:00 PM,Thompson Robert D,200 mins
MATH, 10100-3,North Bldg C114,F,7:00 PM,Bendersky Martin,200 mins
MATH, 10100-4,West Bldg W505,F,6:00 PM,Shankar Subash,200 mins
MATH, 10100-5,North Bldg 306,M,8:00 PM,Shneerson Lev,200 mins
MATH, 10100-6,West Bldg W509,M,7:00 PM,Shankar Subash,200 mins
MATH, 10100-7,West Bldg W506,TH,8:00 PM,Bendersky Martin,200 mins
MATH, 10100-8,West Bldg W215,TH,6:00 PM,Samra Michael,200 mins
MATH, 10200-1,West Bldg W117,M,5:00 PM,Thompson Robert D,200 mins
MATH, 10400-1,East Bldg E920,TF,8:00 AM,Bendersky Martin,100 mins
MATH, 10500-1,West Bldg W511,WF,1:00 PM,Bendersky Martin,100 mins
MATH, 12400-1,West Bldg W412,T,8:00 PM,Chess Daniel,200 mins
MATH, 12400-1,West Bldg W412,T,8:00 PM,Chess Daniel,200 mins
MATH, 12550-1,North Bldg 118,F,1:00 PM,Thompson Robert D,200 mins
MATH, 12550-2,ThomHunter 502,M,1:00 PM,Chess Daniel,200 mins
MATH, 12550-3,North Bldg C100,W,3:00 PM,Samra Michael,200 mins
MATH, 12550-4,East Bldg E921,F,1:00 PM,Shneerson Lev,200 mins
MATH, 12550-5,West Bldg W117,T,4:00 PM,Samra Michael,200 mins
MATH, 12550-6,West Bldg W605,TH,4:00 PM,Shneerson Lev,200 mins
MATH, 12550-7,West Bldg W706,TH,1:00 PM,Thompson Robert D,200 mins
MATH, 12550-8,West Bldg W603,F,2:00 PM,Chess Daniel,200 mins
MATH, 12550-1,North Bldg 118,F,1:00 PM,Thompson Robert D,200 mins
MATH, 12550-2,ThomHunter 502,M,1:00 PM,Chess Daniel,200 mins
MATH, 12550-3,North Bldg C100,W,3:00 PM,Samra Michael,200 mins
MATH, 12550-4,East Bldg E921,F,1:00 PM,Shneerson Lev,200 mins
MATH, 12550-5,West Bldg W117,T,4:00 PM,Samra Michael,200 mins
MATH, 12550-6,West Bldg W605,TH,4:00 PM,Shneerson Lev,200 mins
MATH, 12550-7,West Bldg W706,TH,1:00 PM,Thompson Robert D,200 mins
MATH, 12550-8,West Bldg W603,F,2:00 PM,Chess Daniel,200 mins
MATH, 12550-9,West Bldg W615,T,3:00 PM,Shneerson Lev,200 mins
MATH, 12550-10,West Bldg W412,M,2:00 PM,Bendersky Martin,200 mins
MATH, 12550-11,ThomHunter 414,W,4:00 PM,Shneerson Lev,200 mins
MATH, 12550-12,North Bldg C004,T,4:00 PM,Shankar Subash,200 mins
MATH, 14000-1,West Bldg W406,MF,8:00 AM,Samra Michael,100 mins
MATH, 14000-2,North Bldg 531,WF,11:00 AM,Samra Michael,100 mins
MATH, 15000-1,West Bldg W406,T,8:00 AM,Chess Daniel,200 mins
MATH, 15000-2,West Bldg W508,W,8:00 AM,Shneerson Lev,200 mins
MATH, 15000-3,West Bldg W706,W,8:00 AM,Thompson Robert D,200 mins
MATH, 15000-4,ThomHunter 414,TH,8:00 AM,Thompson Robert D,200 mins
MATH, 15000-5,East Bldg E920,F,11:00 AM,Shankar Subash,200 mins
MATH, 15000-6,West Bldg W214,TH,9:00 AM,Shneerson Lev,200 mins
MATH, 15000-7,ThomHunter 414,T,12:00 PM,Bendersky Martin,200 mins
MATH, 15500-1,North Bldg C101,T,8:00 AM,Samra Michael,150 mins
MATH, 15500-2,West Bldg W605,F,4:00 PM,Samra Michael,150 mins
MATH, 15500-3,East Bldg E919,T,8:00 PM,Shneerson Lev,150 mins
MATH, 15600-1,ThomHunter 408,W,8:00 PM,Shankar Subash,150 mins
MATH, 15600-2,ThomHunter 407,F,5:00 PM,Thompson Robert D,150 mins
MATH, 16000-1,West Bldg W508,M,8:00 AM,Thompson Robert D,150 mins
MATH, 16000-2,North Bldg C114,T,12:00 PM,Chess Daniel,150 mins
MATH, 16000-3,East Bldg E921,W,10:00 AM,Shankar Subash,150 mins
MATH, 25000-1,West Bldg W224,TTH,3:00 PM,Chess Daniel,75 mins
MATH, 25400-1,West Bldg W412,TF,1:00 PM,Samra Michael,100 mins
MATH, 25400-2,West Bldg W204,WF,4:00 PM,Bendersky Martin,100 mins
MATH, 25500-1,West Bldg W706,W,2:00 PM,Chess Daniel,150 mins
MATH, 26000-1,North Bldg C110,M,10:00 AM,Shneerson Lev,200 mins
MATH, 26000-2,West Bldg W206,TH,4:00 PM,Shankar Subash,200 mins
MATH, 30100-1,West Bldg W609,M,5:00 PM,Samra Michael,200 mins
MATH, 31100-1,North Bldg C102,W,7:00 PM,Thompson Robert D,150 mins
MATH, 33100-1,East Bldg E922,MF,7:00 PM,Chess Daniel,100 mins
MATH, 35100-1,West Bldg W224,T,8:00 PM,Samra Michael,150 mins
MATH, 37200-1,West Bldg W506,F,6:00 PM,Shneerson Lev,200 mins
MATH, 38500-1,West Bldg W113,TTH,8:00 PM,Shankar Subash,100 mins
MATH, 48500-1,ThomHunter 408,TTH,5:00 PM,Chess Daniel,100 mins
MATH, 60100-1,West Bldg W706,MTH,8:00 AM,Chess Daniel,75 mins
MATH, 62100-1,North Bldg C110,TH,1:00 PM,Samra Michael,150 mins
MATH, 63000-1,East Bldg E920,TH,8:00 AM,Samra Michael,150 mins
MATH, 63400-1,West Bldg W412,TH,12:00 PM,Bendersky Martin,150 mins
MATH, 63500-1,North Bldg C100,MW,8:00 AM,Bendersky Martin,100 mins
MATH, 64100-1,North Bldg C102,MF,10:00 AM,Bendersky Martin,100 mins
MATH, 68500-1,West Bldg W706,W,8:00 PM,Shneerson Lev,200 mins
MATH, 72100-1,West Bldg W113,MW,7:00 PM,Bendersky Martin,75 mins
MATH, 74600-1,West Bldg WB130,T,8:00 AM,Shankar Subash,200 mins
MATH, 77200-1,East Bldg E919,M,9:00 AM,Shankar Subash,150 mins
MATH, 78500-1,ThomHunter 407,M,11:00 AM,Thompson Robert D,200 mins
MATH, 79562-1,West Bldg WB130,M,3:00 PM,Shankar Subash,150 mins
CSCI, 12100-1,West Bldg W116,MF,8:00 AM,Raja Anita,75 mins
CSCI, 12100-2,North Bldg C107,MW,8:00 AM,Debroy Saptarshi,75 mins
CSCI, 12700-1,North Bldg 1001B,MTH,1:00 PM,Schweitzer Eric,100 mins
CSCI, 13200-1,North Bldg C002,F,4:00 PM,Xie Lei,150 mins
CSCI, 13300-1,North Bldg 1516,TH,8:00 AM,Maryash Gennadiy,200 mins
CSCI, 13300-2,North Bldg C109,TH,9:00 AM,Tojeira Justin,200 mins
CSCI, 13500-1,North Bldg 1001A,M,8:00 AM,Zamfirescu Christina M,150 mins
CSCI, 13500-2,ThomHunter 505,T,12:00 PM,Schweitzer Eric,150 mins
CSCI, 13500-3,North Bldg 1001C,W,9:00 AM,Khatchadourian Raffi Takvor,150 mins
CSCI, 13500-4,North Bldg 510,T,9:00 AM,Vazquez-Abad Felisa Josefina,150 mins
CSCI, 15000-1,North Bldg 1516,MTH,5:00 PM,Xie Lei,75 mins
CSCI, 15000-2,North Bldg 1516,TF,6:00 PM,Raja Anita,75 mins
CSCI, 15000-3,North Bldg 1001E,MTH,6:00 PM,Mock Wendy,75 mins
CSCI, 15000-4,North Bldg 1001B,WF,5:00 PM,Tojeira Justin,75 mins
CSCI, 15000-5,North Bldg C109,MF,6:00 PM,Nikolaev Alexey,75 mins
CSCI, 16000-1,ThomHunter 505,TF,8:00 AM,Shostak Pavel,100 mins
CSCI, 23200-1,North Bldg C108,MW,9:00 AM,Shostak Pavel,75 mins
CSCI, 23300-1,North Bldg C109,MW,12:00 PM,Zhang Xiaojie,75 mins
CSCI, 23500-1,North Bldg 1516,TF,8:00 AM,Makki Mahdi S,100 mins
CSCI, 26000-1,North Bldg 510,F,1:00 PM,Liu Bonan,200 mins
CSCI, 26500-1,North Bldg 118,W,4:00 PM,Rothstein Jennifer Corey,150 mins
CSCI, 26500-2,North Bldg 1001A,M,1:00 PM,Navarrette Jordi A.,150 mins
CSCI, 26700-1,West Bldg W116,W,1:00 PM,Liu Bonan,150 mins
CSCI, 33500-1,North Bldg 1001B,TH,5:00 PM,Avshalumov Ariel,150 mins
CSCI, 34000-1,North Bldg 1001C,TF,1:00 PM,Grezes Felix,100 mins
CSCI, 35300-1,North Bldg 1516,TTH,1:00 PM,Khatchadourian Raffi Takvor,75 mins
CSCI, 36000-1,ThomHunter 408,M,8:00 PM,Korpan Raj Mohan,150 mins
CSCI, 37200-1,ThomHunter 414,M,7:00 PM,Grezes Felix,150 mins
CSCI, 39545-1,North Bldg C108,TH,5:00 PM,Makki Mahdi S,200 mins
CSCI, 39594-1,ThomHunter 414,WF,8:00 AM,Oyekoya Oyewole Kayode,100 mins
CSCI, 39596-1,North Bldg 1001E,TF,1:00 PM,Weiss Stewart,100 mins
CSCI, 39597-1,North Bldg C108,MTH,1:00 PM,Xie Lei,75 mins
CSCI, 39598-1,North Bldg 118,M,3:00 PM,Nguyen Minh H.,150 mins
CSCI, 41500-1,North Bldg C002,M,1:00 PM,Shen Xiaoke,200 mins
CSCI, 43500-1,North Bldg C002,TH,10:00 AM,Zamansky Michael,200 mins
CSCI, 43500-2,North Bldg 1001A,T,11:00 AM,Oyekoya Oyewole Kayode,200 mins
CSCI, 49355-1,ThomHunter 502,T,1:00 PM,Maryash Gennadiy,200 mins
CSCI, 49362-1,West Bldg W116,MW,5:00 PM,Zhang Xiaojie,75 mins
CSCI, 49376-1,North Bldg 1001C,MTH,11:00 AM,Dang Trami K,75 mins
CSCI, 49378-1,ThomHunter 505,F,1:00 PM,Debroy Saptarshi,200 mins
CSCI, 49379-1,North Bldg 1001C,MTH,5:00 PM,Debroy Saptarshi,75 mins
CSCI, 49380-1,ThomHunter 505,WF,5:00 PM,Korpan Raj Mohan,100 mins
CSCI, 49900-1,North Bldg 1001E,WF,4:00 PM,Dey Soumik,100 mins
CSCI, 49900-1,North Bldg 1001E,WF,4:00 PM,Dey Soumik,100 mins
CSCI, 70500-1,ThomHunter 502,MW,8:00 AM,Schweitzer Eric,75 mins
CSCI, 72200-1,West Bldg W116,TTH,8:00 PM,Korpan Raj Mohan,75 mins
CSCI, 74000-1,North Bldg 510,W,4:00 PM,Shostak Pavel,200 mins
CSCI, 76000-1,North Bldg 1001A,WF,8:00 AM,Howitt Katherine Gandolfo,75 mins
CSCI, 79502-1,West Bldg W116,TTH,12:00 PM,Vazquez-Abad Felisa Josefina,75 mins
CSCI, 79526-1,West Bldg W412,MW,7:00 PM,Howitt Katherine Gandolfo,100 mins
ECO, 29601-1,West Bldg W503,MF,1:00 PM,Ozsoy Mehlika,75 mins
ECO, 30100-1,West Bldg W113,W,2:00 PM,Nyman Ingmar,150 mins
ECO, 31000-1,North Bldg 305,W,4:00 PM,George Lisa,200 mins
ECO, 33500-1,North Bldg 531,MTH,1:00 PM,Ghosh Prabuddha,100 mins
ECO, 34100-1,West Bldg W503,TF,5:00 PM,Nyman Ingmar,100 mins
ECO, 34500-1,North Bldg 531,T,8:00 AM,Tan Christine Ee Lyn,200 mins
ENGL, 77050-1,North Bldg C103,TTH,1:00 PM,Allred Jeffrey B.,100 mins
ENGL, 77900-1,West Bldg W1222,TF,8:00 AM,Craig Collin L.,100 mins
ENGL, 79001-1,West Bldg W509,WF,1:00 PM,Shavitz Benjamin,100 mins
ENGL, 79201-1,North Bldg C100,MTH,1:00 PM,Israel Nico,75 mins
GEOG, 10100-1,North Bldg 1004,MF,4:00 PM,Miyares Ines M,100 mins
GEOG, 10100-1,North Bldg 1004,MF,4:00 PM,Miyares Ines M,100 mins
GEOG, 10100-2,West Bldg W503,MW,3:00 PM,Campos Ramiro,100 mins
GEOG, 24200-1,West Bldg W415,T,5:00 PM,Ibrahim Mohamed B,150 mins
GEOG, 25100-1,North Bldg C002,MW,5:00 PM,Campos Ramiro,75 mins
GEOG, 27000-1,North Bldg 1022,W,2:00 PM,Chatterjee Bipasha,200 mins
GEOG, 38324-1,West Bldg W415,MW,8:00 PM,Miyares Ines M,75 mins
GEOG, 48000-1,North Bldg 1004,MW,8:00 AM,Campos Ramiro,75 mins
GEOG, 48000-2,North Bldg 1004,MW,1:00 PM,Miyares Ines M,75 mins
GEOG, 48100-1,North Bldg 1004,TTH,4:00 PM,Gong Hongmian,100 mins
GEOG, 48100-2,West Bldg W503,TTH,1:00 PM,Ibrahim Mohamed B,100 mins
GEOG, 49000-1,North Bldg 1022,WF,11:00 AM,Chatterjee Bipasha,100 mins
GEOG, 49000-2,North Bldg 1022,MTH,10:00 AM,Campos Ramiro,100 mins
GEOG, 70100-1,North Bldg C002,TF,8:00 AM,Gong Hongmian,75 mins
GEOG, 70200-1,North Bldg 1004,TTH,10:00 AM,Gong Hongmian,75 mins
GEOG, 71200-1,North Bldg C002,MW,8:00 AM,Chatterjee Bipasha,100 mins
BIOL, 21000-1,North Bldg 938,MW,5:00 PM,Raps Shirley,75 mins
BIOL, 79201-1,North Bldg 926C,T,5:00 PM,Eisenstadt Eric,200 mins
COMPL, 32056-1,West Bldg W707B,F,8:00 AM,Calabritto Monica,200 mins
COMPL, 38085-1,West Bldg W412,MW,11:00 AM,Calabritto Monica,100 mins
COMSC, 70000-1,Brook E E102,TTH,8:00 AM,Schroeder Antonia,75 mins
COMSC, 70000-2,Brook N N133,WF,8:00 AM,Schroeder Antonia,75 mins
COMSC, 70500-1,Brook W 903,MF,8:00 AM,Welner Rachel Lauren,75 mins
COMSC, 70500-2,Brook E E103,WF,11:00 AM,Malcolm Taryn Rita,75 mins
COMSC, 70600-1,Brook W 902,WF,8:00 AM,Hyun Jungmoon,75 mins
COMSC, 71100-1,Brook N N133,M,8:00 AM,Hyun Jungmoon,200 mins
COMSC, 71200-1,Brook W 903,MF,1:00 PM,Welner Rachel Lauren,100 mins
COMSC, 71200-2,Brook N N133,WF,4:00 PM,Schroeder Antonia,100 mins
COMSC, 71500-1,Brook W 903,TTH,3:00 PM,Silverman Carol Ann,100 mins
COMSC, 72000-1,Brook E E103,MTH,8:00 AM,Macroy-Higgins Michelle Lee,100 mins
COMSC, 72000-2,Brook N N133,TTH,9:00 AM,Eng Nancy,100 mins
COMSC, 72400-1,Brook W 902,TH,10:00 AM,Welner Rachel Lauren,150 mins
MHC, 10000-1,East Bldg E631,W,8:00 AM,Wheeler Dustin Douglass-Jan,200 mins
MHC, 10000-2,North Bldg 1501,T,10:00 AM,Alexandratos Spiro D,200 mins
MHC, 10000-3,North Bldg C103,F,10:00 AM,Neary Janet Eileen,200 mins
MHC, 10000-4,North Bldg 1602,TH,12:00 PM,Gillespie Benjamin Ancel,200 mins
MHC, 10000-5,West Bldg W509A,W,12:00 PM,Sviridov Lev Alexander,200 mins
MHC, 20000-1,North Bldg 1501,W,5:00 PM,Alexandratos Spiro D,150 mins
MHC, 20000-2,West Bldg W509A,M,7:00 PM,Wheeler Dustin Douglass-Jan,150 mins
MHC, 20000-3,West Bldg W509A,T,8:00 PM,Wheeler Dustin Douglass-Jan,150 mins
MLS, 45000-1,Brook E E102,M,5:00 PM,Mataprasad Veronica Indira,150 mins
MLS, 45000-2,Brook W 232,W,8:00 PM,McNair Sean A,150 mins
MLS, 49000-1,Brook W 232,M,1:00 PM,Schreiner Ryan Peter,200 mins
MLS, 61000-1,Brook E E104,WF,10:00 AM,Schreiner Ryan Peter,100 mins
MLS, 63000-1,Brook E E101,TH,8:00 AM,Mataprasad Veronica Indira,200 mins
MLS, 63200-1,Brook E E102,TTH,5:00 PM,Feratovic Rusmir,100 mins
MLS, 63500-1,Brook W 232,TTH,5:00 PM,Mahajan Muktar,75 mins
MLS, 64000-1,Brook E E101,MW,8:00 AM,Labasin Marc V,100 mins
MLS, 64400-1,Brook E E104,T,5:00 PM,Schreiner Ryan Peter,150 mins
MLS, 64700-1,Brook E E102,TH,11:00 AM,Mahajan Muktar,200 mins
MLS, 70100-1,Brook E E104,M,8:00 AM,McNair Sean A,150 mins
MLS, 71000-1,Brook E E104,TTH,8:00 AM,Feratovic Rusmir,100 mins
MLS, 72000-1,Brook E E102,WF,8:00 AM,Mahajan Shahana,75 mins
MLSP, 30000-1,Brook W 235,MF,1:00 PM,Powell Vivien,100 mins
MLSP, 30000-2,Brook E E105,MTH,2:00 PM,Gutala Ramana Venkata,100 mins
MLSP, 34900-1,Brook E E016,MW,2:00 PM,Sabharwal Hemant Kant,75 mins
MLSP, 34900-2,Brook E E106,MTH,3:00 PM,Einheber Steven,75 mins
MLSP, 35100-1,Brook E E105,MW,8:00 AM,Mahajan Muktar,100 mins
MLSP, 35500-1,North Bldg 1001G,TTH,8:00 AM,Raffaniello Robert D,75 mins
MLSP, 36100-1,Brook E E105,TTH,8:00 AM,Mahajan Muktar,100 mins
MLSP, 41000-1,Brook E E101,TF,1:00 PM,Mahajan Muktar,75 mins
MLSP, 43000-1,Brook E E016,WF,10:00 AM,Raffaniello Robert D,75 mins
MLSP, 43000-2,Brook E E102,MW,11:00 AM,Chiriboga Luis,75 mins
MLSP, 45700-1,Brook W 232,MW,8:00 AM,Gutala Ramana Venkata,100 mins
SSW, 71700-1,Silberman 327,W,8:00 AM,Stein Laura Rice,200 mins
SSW, 71700-2,Silberman 218,W,9:00 AM,Blackwell Delores,200 mins
SSW, 71700-3,Silberman 327,W,12:00 PM,Melendez Diana,200 mins
SSW, 71700-4,Silberman 326,T,10:00 AM,Lockhart Sharon,200 mins
SSW, 71700-5,Silberman 218,M,12:00 PM,Morgan Avon,200 mins
SSW, 71700-6,Silberman 214,TH,8:00 AM,Natchaba Nadjete,200 mins
SSW, 76100-1,Silberman 329,M,5:00 PM,Blackwell Delores,200 mins
SSW, 76300-1,Silberman 328,TF,1:00 PM,Rosario Lisa C,75 mins
SSW, 76700-1,Silberman 212,MW,8:00 AM,Trachtenberg Judith,75 mins
SSW, 79653-1,Silberman 330,TF,5:00 PM,Marji Shadia,75 mins
STAT, 11300-1,North Bldg C004,MW,1:00 PM,Clarkson Sandra,75 mins
STAT, 11300-2,West Bldg W507,WF,3:00 PM,Clarkson Sandra,75 mins
STAT, 11300-3,West Bldg W214,TTH,4:00 PM,Williams William H,75 mins
STAT, 11300-4,West Bldg W507,TTH,4:00 PM,Clarkson Sandra,75 mins
STAT, 11300-5,North Bldg 305,MF,3:00 PM,Williams William H,75 mins
STAT, 11300-6,North Bldg 306,TF,1:00 PM,Martinez Vincent Ryan,75 mins
STAT, 11300-7,ThomHunter 408,TTH,1:00 PM,Clarkson Sandra,75 mins
STAT, 11300-8,North Bldg 306,MW,2:00 PM,Martinez Vincent Ryan,75 mins
STAT, 21200-1,East Bldg E922,TTH,8:00 PM,Williams William H,100 mins
STAT, 21300-1,North Bldg 305,F,8:00 AM,Williams William H,200 mins
STAT, 21300-2,West Bldg W506,TH,8:00 AM,Clarkson Sandra,200 mins
STAT, 21300-3,West Bldg W204,M,8:00 AM,Williams William H,200 mins
STAT, 21300-4,West Bldg W405,F,9:00 AM,Clarkson Sandra,200 mins
STAT, 21300-5,East Bldg E922,T,11:00 AM,Williams William H,200 mins
STAT, 21300-6,West Bldg W116,W,8:00 AM,Williams William H,200 mins
STAT, 21300-7,West Bldg W204,TH,9:00 AM,Williams William H,200 mins
STAT, 21300-8,West Bldg W214,W,8:00 AM,Clarkson Sandra,200 mins
STAT, 21400-1,West Bldg W405,TH,8:00 PM,Clarkson Sandra,150 mins
STAT, 21400-2,East Bldg E920,W,8:00 PM,Clarkson Sandra,150 mins
STAT, 29554-1,ThomHunter 408,WF,8:00 AM,Martinez Vincent Ryan,100 mins
STAT, 29555-1,West Bldg W603,TH,2:00 PM,Martinez Vincent Ryan,200 mins
STAT, 31100-1,East Bldg E921,W,1:00 PM,Williams William H,200 mins
STAT, 31900-1,West Bldg W405,TF,4:00 PM,Martinez Vincent Ryan,100 mins
STAT, 61400-1,West Bldg W609,TTH,7:00 PM,Martinez Vincent Ryan,75 mins
STAT, 70100-1,East Bldg E920,M,3:00 PM,Clarkson Sandra,200 mins
STAT, 70600-1,West Bldg W116,MF,7:00 PM,Clarkson Sandra,75 mins
STAT, 71700-1,West Bldg W208,M,8:00 AM,Clarkson Sandra,150 mins
STAT, 72401-1,North Bldg C004,MW,10:00 AM,Martinez Vincent Ryan,75 mins
STAT, 73900-1,West Bldg W507,T,8:00 AM,Martinez Vincent Ryan,150 mins
STAT, 75400-1,West Bldg W214,MF,12:00 PM,Williams William H,75 mins
STAT, 76100-1,West Bldg W208,MW,4:00 PM,Martinez Vincent Ryan,100 mins
SW, 20100-1,ThomHunter 505,MTH,8:00 AM,Ortega-Williams Anna,100 mins
SW, 31000-1,West Bldg W424,W,5:00 PM,Dempsey Patricia,200 mins
SW, 32000-1,Silberman 322,TF,8:00 AM,Sherman Roger W,75 mins
SW, 33000-1,ThomHunter 505,M,1:00 PM,Trachtenberg Judith,200 mins
SW, 36000-1,Silberman 214,MTH,5:00 PM,Earner Ilze,100 mins
SW, 37000-1,Silberman 322,F,5:00 PM,Olatunji Senemeht Eakhu,200 mins
SW, 41000-1,Silberman 322,W,5:00 PM,Cherry Katherine,150 mins
SW, 42000-1,ThomHunter 505,TH,1:00 PM,Ortega-Williams Anna,200 mins
SW, 43000-1,Silberman 214,TH,7:00 PM,Earner Ilze,200 mins
SW, 43000-1,Silberman 214,TH,7:00 PM,Earner Ilze,200 mins
SW, 44000-1,Silberman 322,TH,8:00 PM,Cineas Jennille K,200 mins
SW, 44000-1,Silberman 322,TH,8:00 PM,Cineas Jennille K,200 mins
SW, 45000-1,Silberman 324,TH,8:00 AM,Younger Tiffany,150 mins
THC, 70200-1,Baker BTB260,MF,8:00 AM,Kalb Jonathan,100 mins
THC, 73100-1,Baker BTB210,TTH,5:00 PM,Orenstein Claudia,100 mins
THC, 73300-1,Baker BTB260,MW,5:00 PM,Scarfuto Christine Marie,75 mins
THC, 73500-1,Baker BTB210,F,8:00 AM,Chang Dong Shin,150 mins
THC, 75100-1,Baker BTB220,TTH,1:00 PM,Scarfuto Christine Marie,75 mins
THC, 76072-1,Baker BTB210,MW,5:00 PM,Kalb Jonathan,100 mins
THC, 76079-1,Baker BTB260,T,6:00 PM,Scarfuto Christine Marie,150 mins
THC, 79900-1,Baker BTB260,TTH,12:00 PM,Chang Dong Shin,100 mins
THEA, 10100-1,Baker BTB240,W,8:00 AM,Bosch Barbara,200 mins
THEA, 10100-2,West Bldg W714,F,11:00 AM,Grodman Asher Chazen,200 mins
THEA, 10100-3,Baker BTB620,T,11:00 AM,Calderon Ian,200 mins
THEA, 10100-4,Baker BTB240,F,8:00 AM,Chatterjee Deepsikha,200 mins
THEA, 16100-1,Baker BTB680,T,1:00 PM,Moore Benjamin J,200 mins
THEA, 21100-1,Baker BTB620,F,8:00 AM,Rosas Adrian Pio,200 mins
THEA, 21200-1,Baker BTB680,F,8:00 AM,Moore Benjamin J,150 mins
THEA, 21300-1,North Bldg 537,TH,1:00 PM,Bosch Barbara,200 mins
THEA, 25100-1,North Bldg 1001F,M,7:00 PM,Mosher Gregory Dean,200 mins
THEA, 25350-1,Baker BTB240,T,8:00 AM,Mosher Gregory Dean,150 mins
THEA, 26100-1,Baker BTB420,TTH,8:00 AM,Krumholz Brad Mitchell,75 mins
THEA, 26100-2,Baker BTB320,WF,8:00 AM,Scarfuto Christine Marie,75 mins
THEA, 26200-1,West Bldg W714,TH,8:00 PM,Chang Dong Shin,200 mins
THEA, 26300-1,North Bldg 537,MW,1:00 PM,Orenstein Claudia,75 mins
THEA, 27500-1,North Bldg 1001F,MW,9:00 AM,Mosher Gregory Dean,75 mins
THEA, 28100-1,Baker BTB230,W,8:00 AM,Cusick Timothy P,150 mins
THEA, 29704-1,Baker BTB260,M,12:00 PM,Holder Lateefah O,150 mins
THEA, 29787-1,Baker BTB620,TTH,5:00 PM,Mosher Gregory Dean,75 mins
THEA, 32100-1,Baker BTB230,W,1:00 PM,Felner Mira,200 mins
THEA, 36500-1,Baker BTB460,WF,8:00 AM,Grodman Asher Chazen,75 mins
THEA, 37600-1,Baker BTB420,MW,4:00 PM,Orenstein Claudia,100 mins
THEA, 39704-1,West Bldg W215,MF,5:00 PM,Moore Benjamin J,75 mins
THEA, 39712-1,Baker BTB320,TH,1:00 PM,Romano Peter Joseph,200 mins
THEA, 39721-1,Baker BTB420,MF,10:00 AM,Felner Mira,75 mins
THEA, 39723-1,Baker BTB220,MF,1:00 PM,Scarfuto Christine Marie,75 mins
THEA, 39731-1,North Bldg 537,TTH,8:00 AM,Chang Dong Shin,75 mins
THEA, 39767-1,Baker BTB220,W,1:00 PM,Williams Adrienne D,200 mins
THEA, 39795-1,North Bldg 1001F,TTH,7:00 PM,Cusick Timothy P,100 mins
THEA, 49900-1,West Bldg W215,T,8:00 AM,Grodman Asher Chazen,200 mins
URBG, 70100-1,West Bldg W606,T,1:00 PM,Gross Jill Simone,200 mins
URBG, 70200-1,West Bldg W509A,TF,5:00 PM,Wolf-Powers Anna Laura Elizabeth,100 mins
URBG, 70600-1,West Bldg W1639,MTH,8:00 AM,Gross Jill Simone,100 mins
URBG, 71000-1,West Bldg W606,WF,8:00 AM,Lasner Matthew,75 mins
URBG, 71300-1,West Bldg W1640,TH,8:00 AM,Moreno Karina,150 mins
URBG, 72700-1,West Bldg W606,M,1:00 PM,Alcabes Philip,200 mins
URBG, 74200-1,West Bldg W1640,MW,5:00 PM,Wolf-Powers Anna Laura Elizabeth,100 mins
URBG, 75600-1,West Bldg W509A,TH,8:00 AM,Viteritti Joseph,150 mins
URBG, 75800-1,West Bldg W1640,T,8:00 AM,Lasner Matthew,200 mins
URBG, 78740-1,West Bldg W606,W,1:00 PM,Shipp Sigmund,150 mins
URBG, 78795-1,West Bldg W509A,M,1:00 PM,Viteritti Joseph,150 mins
URBG, 79000-1,West Bldg W1640,TH,8:00 PM,Wolf-Powers Anna Laura Elizabeth,150 mins
URBG, 79000-2,West Bldg W606,F,7:00 PM,Alcabes Philip,150 mins
URBG, 79200-1,West Bldg W606,W,5:00 PM,Moreno Karina,150 mins
URBP, 70000-1,West Bldg W611,MW,1:00 PM,Blessing Ralph Gerhard,75 mins
URBP, 70100-1,West Bldg W611,TF,8:00 AM,Pollans Lily Baum,75 mins
URBP, 71900-1,East Bldg E819,TTH,5:00 PM,Pollans Lily Baum,75 mins
URBP, 72000-1,West Bldg W1639,WF,8:00 AM,Rubin James C,100 mins
URBP, 73200-1,East Bldg E819,MW,5:00 PM,Bloom Nicholas Dagen,75 mins
URBP, 73700-1,West Bldg W606,MTH,8:00 AM,Bloom Nicholas Dagen,100 mins
URBP, 78717-1,West Bldg W1640,TF,1:00 PM,Lasner Matthew,100 mins
URBS, 10100-1,West Bldg W606,T,8:00 AM,Johnson Victoria Stephens,150 mins
URBS, 10100-2,West Bldg W1639,T,9:00 AM,Shipp Sigmund,150 mins
URBS, 10200-1,West Bldg W1640,MTH,2:00 PM,Shipp Sigmund,100 mins
URBS, 20100-1,West Bldg W606,TH,5:00 PM,Johnson Victoria Stephens,200 mins
URBS, 20300-1,West Bldg W1639,MTH,2:00 PM,Johnson Victoria Stephens,75 mins
URBS, 31000-1,West Bldg W1639,F,10:00 AM,Johnson Victoria Stephens,200 mins
URBS, 40354-1,North Bldg C114,W,6:00 PM,Johnson Victoria Stephens,200 mins
URBS, 40395-1,North Bldg C114,MTH,9:00 AM,Shipp Sigmund,75 mins
SPAN, 10100-1,West Bldg W707C,MW,1:00 PM,Ramos Rosa Alicia,100 mins
SPAN, 20100-1,West Bldg W1344,F,1:00 PM,Costa Marithelma,200 mins
SPAN, 21100-1,West Bldg W707B,T,5:00 PM,Perez Rolando,150 mins
SPAN, 22100-1,West Bldg W504,MTH,5:00 PM,Perez Rolando,100 mins
SPAN, 36700-1,West Bldg W504,T,1:00 PM,Conchado Diana,150 mins
SPAN, 49100-1,West Bldg W504,F,8:00 AM,Hernandez-Ojeda Maria,200 mins
SPAN, 76800-1,West Bldg W707C,TF,8:00 AM,Conchado Diana,75 mins
SPAN, 79167-1,West Bldg W504,WF,12:00 PM,Fischer Maria L,75 mins
PT, 70400-1,Brook E E003,TH,8:00 AM,Collins Cristiana,150 mins
PT, 80300-1,Brook E E003,MTH,1:00 PM,Karpatkin Herbert,75 mins
PT, 81500-1,Brook E E003,F,8:00 AM,Cunningham Jennifer E,150 mins
PHILO, 10400-1,West Bldg W506,MTH,5:00 PM,Harris Daniel,75 mins
PHILO, 10600-1,ThomHunter 407,TTH,8:00 AM,Press Gerald Alan,75 mins
PHILO, 25200-1,North Bldg C002,TF,7:00 PM,Zapata Fernando Raffaele,75 mins
PHILO, 26800-1,West Bldg W506,M,1:00 PM,Blecher Ian S,150 mins
PHILO, 37200-1,West Bldg W506,MF,8:00 AM,Shapshay Sandra Lynne,75 mins
PHILO, 49201-1,ThomHunter 407,WF,1:00 PM,Ross Steven,100 mins
PHILO, 49201-2,West Bldg W412,TTH,3:00 PM,Ross Steven,100 mins
PHILO, 49201-3,West Bldg W412,WF,4:00 PM,Shapshay Sandra Lynne,100 mins
PHILO, 49201-4,West Bldg W506,WF,3:00 PM,Ross Steven,100 mins
PHILO, 49201-5,West Bldg W506,TTH,2:00 PM,Keating Laura,100 mins
PHILO, 49201-6,ThomHunter 407,MTH,4:00 PM,Alcoff Linda S,100 mins
PHILO, 49202-1,North Bldg C002,WF,12:00 PM,Zapata Fernando Raffaele,75 mins
PHILO, 49202-2,West Bldg W506,TF,10:00 AM,Ross Steven,75 mins
PHILO, 49202-3,West Bldg W412,TF,10:00 AM,Harris Daniel,75 mins
PHILO, 49203-1,ThomHunter 407,F,9:00 AM,Keating Laura,150 mins
PHILO, 49203-2,West Bldg W506,W,11:00 AM,Keating Laura,150 mins
PHILO, 49204-1,ThomHunter 407,TTH,10:00 AM,Garson Justin Richard,75 mins
PHILO, 49205-1,ThomHunter 407,MW,8:00 AM,Keating Laura,75 mins
PHILO, 49206-1,ThomHunter 407,MW,8:00 PM,Kirkland Frank,75 mins
PHYS, 10000-1,North Bldg 1311,WF,8:00 PM,Abranyos Yonatan,100 mins
PHYS, 10100-1,West Bldg W511,TTH,8:00 AM,Chu Y.H.,100 mins
PHYS, 11000-1,West Bldg W714,WF,8:00 AM,Padilla Angela A,100 mins
PHYS, 11000-2,North Bldg 1036,MF,10:00 AM,Abranyos Yonatan,100 mins
PHYS, 12000-1,North Bldg C005,M,8:00 AM,Lim Hyungsik,150 mins
PHYS, 12100-1,North Bldg 1239,MF,1:00 PM,Padilla Angela A,75 mins
PHYS, 22100-1,West Bldg W714,W,5:00 PM,Greenbaum Steven,150 mins
PHYS, 22200-1,North Bldg M157,TTH,8:00 AM,Xu Min,100 mins
PHYS, 30100-1,North Bldg M157,TF,7:00 PM,Zelenova Yelena,75 mins
PHYS, 33400-1,North Bldg 1311,MF,8:00 AM,Morales Daniel J,75 mins
PHYS, 39900-1,North Bldg 1239,TH,8:00 AM,Hillery Mark,200 mins
PHYS, 42500-1,North Bldg 1036,W,5:00 PM,Padilla Angela A,200 mins
PHYS, 45301-1,North Bldg 510,TH,12:00 PM,Gao Bo,150 mins
PHYS, 45302-1,North Bldg 1239,W,3:00 PM,Zelenova Yelena,200 mins
PHYS, 45303-1,North Bldg 1036,MF,4:00 PM,Hillery Mark,100 mins
PHYS, 45401-1,North Bldg 1036,WF,1:00 PM,Morales Daniel J,100 mins
PHYS, 45402-1,North Bldg 1239,T,8:00 AM,Bergou Janos,200 mins
PHYS, 45403-1,North Bldg 1311,W,1:00 PM,Bergou Janos,200 mins
PHYS, 60500-1,West Bldg W511,TH,1:00 PM,Padilla Angela A,150 mins
PHYS, 62500-1,North Bldg C005,T,5:00 PM,Greenbaum Steven,150 mins
MUSED, 67800-1,North Bldg 407,W,5:00 PM,Bobetsky Victor V,200 mins
MUSHL, 10100-1,North Bldg 405,MTH,10:00 AM,Coppola Catherine,75 mins
MUSHL, 10700-1,North Bldg 407,TH,8:00 AM,Bengloff Richard,200 mins
MUSHL, 10700-2,North Bldg 406,W,10:00 AM,Cabrini Michele,200 mins
MUSHL, 20100-1,North Bldg 405,TF,8:00 AM,Thomas Samuel Reuben,75 mins
MUSHL, 20100-2,North Bldg 404,MTH,11:00 AM,Cabrini Michele,75 mins
MUSHL, 20500-1,North Bldg 404,T,8:00 AM,Bengloff Richard,150 mins
MUSHL, 21700-1,North Bldg 404,W,8:00 AM,Coppola Catherine,200 mins
MUSHL, 21700-2,North Bldg 407,T,9:00 AM,Cabrini Michele,200 mins
MUSHL, 22000-1,North Bldg 404,T,5:00 PM,Thomas Samuel Reuben,150 mins
MUSHL, 24500-1,North Bldg 506,M,1:00 PM,Coppola Catherine,150 mins
MUSHL, 26132-1,North Bldg 406,TTH,11:00 AM,Hampton Barbara,75 mins
MUSHL, 26193-1,North Bldg 506,M,8:00 AM,Bengloff Richard,200 mins
MUSHL, 30500-1,North Bldg 406,F,8:00 AM,Bengloff Richard,150 mins
MUSPF, 11100-1,North Bldg 416,TTH,5:00 PM,Fulmer David Charles,75 mins
MUSPF, 21200-1,North Bldg 406,MTH,1:00 PM,Burleson Geoffrey,100 mins
MUSPF, 21300-1,North Bldg 416,TTH,1:00 PM,Rezenda Lopes Joao Luiz,75 mins
MUSPF, 21300-2,North Bldg 635,TF,1:00 PM,Fulmer David Charles,75 mins
MUSPF, 22100-1,North Bldg 406,TTH,3:00 PM,Keberle Ryan D.,75 mins
MUSPF, 22100-2,North Bldg 635,MW,2:00 PM,Jackson Ashley J,75 mins
MUSPF, 23100-1,North Bldg 404,WF,1:00 PM,Burleson Geoffrey,100 mins
MUSPF, 24900-1,North Bldg 431,F,7:00 PM,Rezenda Lopes Joao Luiz,200 mins
MUSPF, 25000-1,North Bldg 416,MF,1:00 PM,Keberle Ryan D.,75 mins
MUSPF, 25100-1,North Bldg 635,TH,8:00 AM,Rezenda Lopes Joao Luiz,150 mins
MUSPF, 35300-1,North Bldg 635,TH,5:00 PM,Burleson Geoffrey,150 mins
MUSPF, 35500-1,North Bldg 118,M,8:00 AM,Jackson Ashley J,200 mins
MUSPF, 36503-1,North Bldg 406,W,5:00 PM,Keberle Ryan D.,200 mins
MUSPF, 36904-1,North Bldg 118,T,5:00 PM,Keberle Ryan D.,200 mins
MUSPF, 40100-1,North Bldg 404,MTH,8:00 AM,Fulmer David Charles,75 mins
MUSPF, 40200-1,North Bldg 635,TF,8:00 AM,Rezenda Lopes Joao Luiz,100 mins
MUSPF, 43100-1,North Bldg 407,T,4:00 PM,Burleson Geoffrey,200 mins
MUSPF, 43100-2,North Bldg 407,F,3:00 PM,Jackson Ashley J,200 mins
MUSTH, 10100-1,North Bldg 431,MF,8:00 AM,Graff Steven L,75 mins
MUSTH, 22000-1,North Bldg 431,TTH,12:00 PM,Keberle Ryan D.,100 mins
MUSTH, 23000-1,North Bldg 405,TH,4:00 PM,Farrin Suzanne Marie,200 mins
MUSTH, 23000-2,North Bldg 405,M,2:00 PM,Fulmer David Charles,200 mins
MUSTH, 32000-1,North Bldg 407,MW,8:00 AM,Keberle Ryan D.,75 mins
MUSTH, 33000-1,North Bldg 407,TH,12:00 PM,Graff Steven L,200 mins
MUSTH, 33000-2,North Bldg 405,W,9:00 AM,Mahoney Shafer,200 mins
MUSTH, 36169-1,North Bldg 431,T,3:00 PM,Graff Steven L,200 mins
MUSTH, 37000-1,North Bldg 416,TF,7:00 PM,Fulmer David Charles,75 mins
MUSTH, 38500-1,North Bldg 431,MF,10:00 AM,Farrin Suzanne Marie,75 mins
MUSTH, 38500-2,North Bldg 416,TF,9:00 AM,Thompson Jewel,75 mins
MUSTH, 49100-1,North Bldg 407,F,9:00 AM,Mahoney Shafer,200 mins
MUSTH, 49200-1,North Bldg 407,MTH,7:00 PM,Fulmer David Charles,100 mins
